{"cameraMode":{"drawMode":0,"name":"Shaded","section":"Shading Mode"},"sceneLighting":true,"audioPlay":false,"sceneViewState":{"m_AlwaysRefresh":false,"showFog":true,"showSkybox":true,"showFlares":true,"showImageEffects":true,"showParticleSystems":true,"showVisualEffectGraphs":true,"m_FxEnabled":true},"in2DMode":false,"pivot":{"x":-26.910490036010743,"y":0.20729315280914308,"z":-3.895658493041992},"rotation":{"x":0.013795343227684498,"y":-0.9850825667381287,"z":0.14283983409404756,"w":0.0951552763581276},"size":3.5559964179992677,"orthographic":false}